Item,Item URL,Price
Apple MacBook Pro 16 with Touch Bar 2.3GHz i9 Processor 1TB Space Grey,https://www.incredible.co.za/apple-macbook-pro-16-with-touch-bar-2-3ghz-i9-processor-1tb-space-grey,"R49,999"
Apple MacBook Pro 16 with Touch Bar 2.6GHz i7 Processor 512GB Space Grey,https://www.incredible.co.za/apple-macbook-pro-16-with-touch-bar-2-6ghz-i7-processor-512gb-space-grey,"R43,999"
Apple 27 iMac 3.0GHz i5 8 1TB 2019,https://www.incredible.co.za/apple-27-imac-3-0ghz-i5-8-1tb-2019,"R36,999"
ASUS ROG STRIX 3 - Core i7 9th Gen GTX1660Ti 6GB 17.3 Inch Gaming Note,https://www.incredible.co.za/asus-rog-strix-3-core-i7-9th-gen-gtx1660ti-6gb-17-3-inch-gaming-note,"R29,999"
Apple Macbook Pro Touch Bar 1.4GHz 256GB Space Grey 2019,https://www.incredible.co.za/13-inch-macbook-pro-with-touch-bar-1-4ghz-i5-processor-256gb-space-g,"R27,999"
Apple Macbook Pro Touch Bar 1.4GHz 256GB Silver 2019,https://www.incredible.co.za/13-inch-macbook-pro-with-touch-bar-1-4ghz-i5-processor-256gb-silver,"R27,999"
Apple Macbook Air 1.6GHz 256GB Space Grey 2019,https://www.incredible.co.za/apple-13-inch-macbook-air-1-6ghz-i5-processor-128gb-silver,"R24,999"
Apple Macbook Air 1.6GHz 256GB Silver 2019,https://www.incredible.co.za/13-inch-macbook-air-1-6ghz-i5-processor-256gb-silver,"R24,999"
Apple Macbook Air 1.6GHz 256GB Gold 2019,https://www.incredible.co.za/apple-13-inch-macbook-air-1-6ghz-i5-processor-256gb-gold,"R24,999"
Apple iPhone 11 Pro Max 64GB Mid Green,https://www.incredible.co.za/apple-iphone-11-pro-max-64gb-mid-green,"R24,999"
Apple iPhone 11 Pro Max 64GB Gold,https://www.incredible.co.za/apple-iphone-11-pro-max-64gb-gold,"R24,999"
Apple iPhone 11 Pro Max 64GB Space Grey,https://www.incredible.co.za/apple-iphone-11-pro-max-64gb-space-grey,"R24,999"
Apple iPhone 11 Pro Max 64GB Silver,https://www.incredible.co.za/apple-iphone-11-pro-max-64gb-silver,"R24,999"
Apple Macbook Pro Touch Bar 1.4GHz 128GB Silver 2019,https://www.incredible.co.za/13-inch-macbook-pro-with-touch-bar-1-4ghz-i5-processor-128,"R23,999"
Apple Macbook Pro Touch Bar 1.4GHz 128GB Space Grey 2019,https://www.incredible.co.za/13-inch-macbook-pro-with-touch-bar-1-4ghz-i5-processor-128gb-space-g,"R23,999"
ASUS ROG STRIX 3 - Core i7 9th Gen GTX1650 4GB 15.6 Inch Gaming notebo,https://www.incredible.co.za/asus-rog-strix-3-core-i7-9th-gen-gtx1650-4gb-15-6-inch-gaming-notebo,"R22,999"
21.5-inch iMac 2.3Ghz Dual-Core Intel Core i5,https://www.incredible.co.za/21-5-inch-imac-2-3ghz-dual-core-intel-core-i5,"R21,999"
Dell G3 3590 i7 9750H 8 256 1TB 1660ti Gaming Notebook,https://www.incredible.co.za/dell-g3-3590-i7-9750h-8-256-1tb-1660ti-gaming-notebook,"R21,999"
Apple iPhone 11 Pro 64GB Silver,https://www.incredible.co.za/apple-iphone-11-pro-64gb-silver,"R21,999"
Apple iPhone 11 Pro 64GB Gold,https://www.incredible.co.za/apple-iphone-11-pro-64gb-gold,"R21,999"
Apple iPhone 11 Pro 64GB Midnight Green,https://www.incredible.co.za/apple-iphone-11-pro-64gb-midnight-green,"R21,999"
Apple iPhone 11 Pro 64GB Space Grey,https://www.incredible.co.za/apple-iphone-11-pro-64gb-space-grey-1,"R21,999"
Samsung Galaxy Note 10+ Aura Glow,https://www.incredible.co.za/samsung-galaxy-note-10-aura-glow-pre-order,"R20,999"
Samsung Galaxy Note 10+ Aura White,https://www.incredible.co.za/samsung-galaxy-note-10-aura-white-pre-order-1,"R20,999"
Samsung Galaxy Note 10+ Aura Black,https://www.incredible.co.za/samsung-galaxy-note-10-aura-black-pre-order-1,"R20,999"
Apple Macbook Air 1.6GHz 128GB Space Grey 2019,https://www.incredible.co.za/apple-13-inch-macbook-air-1-6ghz-i5-processor-56gb-space-grey,"R19,999"
Apple Macbook Air 1.6GHz 128GB Silver 2019,https://www.incredible.co.za/13-inch-macbook-air-1-6ghz-i5-processor-128gb-silver,"R19,999"
Apple Macbook Air 1.6GHz 128GB Gold 2019,https://www.incredible.co.za/13-inch-macbook-air-1-6ghz-i5-processor-128gb-gold,"R19,999"
Samsung Galaxy S10+ Dual Sim Black,https://www.incredible.co.za/samsung-galaxy-s10-dual-sim-black-1,"R18,999"
Samsung Galaxy Note 10 Aura Black,https://www.incredible.co.za/samsung-galaxy-note-10-aura-black-pre-order,"R18,999"
Samsung Galaxy Note 10 Aura White,https://www.incredible.co.za/samsung-galaxy-note-10-aura-white-pre-order,"R18,999"
Samsung Galaxy Note 10 Aura Glow,https://www.incredible.co.za/samsung-galaxy-note-10-aura-glow-pre-order-1,"R18,999"
Apple iPad Pro 12.9-inch WiFi 64GB Sil,https://www.incredible.co.za/apple-ipad-pro-12-9-inch-wifi-64gb-sil,"R18,499"
Apple iPad Pro 12.9-inch WiFi 64GB SG,https://www.incredible.co.za/apple-ipad-pro-12-9-inch-wifi-64gb-sg,"R18,499"
Samsung 65-inch(165cm) Smart UHD LED TV - 65RU7100,https://www.incredible.co.za/samsung-65-inch-165cm-smart-uhd-led-tv-65ru7100,"R16,999"
HP Envy 13 Ryzen 5 3500U 2in1 Notebook,https://www.incredible.co.za/hp-envy-13-ryzen-5-3500u-2in1-notebook,"R16,999"
Samsung Galaxy S10 Dual Sim Black,https://www.incredible.co.za/samsung-galaxy-s10-dual-sim-black,"R16,999"
MacBook Air 13-inch 1.8Ghz Dual-Core Intel Core i5 128GB,https://www.incredible.co.za/macbook-air-13-1-8ghz-dual-core-intel-core-i5-128gb,"R15,999"
HP 15 i7 Notebook,https://www.incredible.co.za/hp-15-i7-notebook,"R14,999"
Lenovo Yoga 530 i5 2-1,https://www.incredible.co.za/lenovo-yoga-530-14fhd-i5-8250u-4g-256gb-touch-multimode-pen-backlight,"R14,999"
ASUS TUF Gaming FX505 AMD Ryzen 5 Notebook GTX1650,https://www.incredible.co.za/asus-tuf-gaming-fx505-amd-ryzen-5-notebook-gtx1650,"R14,999"
ASUS TUF Gaming FX505 AMD Ryzen 7 Notebook GTX1660ti,https://www.incredible.co.za/asus-tuf-gaming-fx505-amd-ryzen-7-notebook-gtx1660ti-1,"R14,999"
Lenovo Yoga C340 Core i7 8565U 8GB 512SSD Notebook,https://www.incredible.co.za/lenovo-yoga-c340-core-i7-8565u-8gb-512ssd-notebook,"R14,999"
Samsung Galaxy S10e Dual Sim Black,https://www.incredible.co.za/samsung-galaxy-s10e-dual-sim-black,"R14,999"
Huawei P30 Pro Light Blue,https://www.incredible.co.za/huawei-p30-pro-light-blue,"R14,999"
Huawei P30 Pro Black,https://www.incredible.co.za/huawei-p30-pro-black,"R14,999"
Apple iPhone 11 64GB White,https://www.incredible.co.za/apple-iphone-11-64gb-white,"R14,999"
Apple iPhone 11 64GB Black,https://www.incredible.co.za/apple-iphone-11-64gb-black,"R14,999"
Apple iPhone 11 64GB Purple,https://www.incredible.co.za/apple-iphone-11-64gb-purple,"R14,999"
Apple iPhone 11 64GB Product Red,https://www.incredible.co.za/apple-iphone-11-64gb-product-red,"R14,999"
Apple iPhone 11 64GB Yellow,https://www.incredible.co.za/apple-iphone-11-64gb-yellow,"R14,999"
Apple iPad Pro 11-inch WiFi 64GB Sil,https://www.incredible.co.za/apple-ipad-pro-11-inch-wifi-64gb-sil,"R14,499"
Apple iPad Pro 11-inch WiFi 64GB SG,https://www.incredible.co.za/apple-ipad-pro-11-inch-wifi-64gb-sg,"R14,499"
Dell Inspiron 3580 i7 8565U 8 1TB 2GFX FHD Notebook,https://www.incredible.co.za/dell-inspiron-3580-i7-8565u-8-1tb-2gfx-fhd-notebook,"R13,999"
Dell G5 Gaming i5 9300HQ 8 128 1TB GTX 1650 Notebook,https://www.incredible.co.za/dell-g5-gaming-i5-9300hq-8-128-1tb-gtx-1650-notebook,"R13,999"
HP Pavilion Gaming i5 Notebook,https://www.incredible.co.za/hp-pavilion-gaming-i5-9300h-8gb-ram-1tb-hdd-gtx1050-3gb-graphics,"R12,999"
Lenovo C340 i5 512GB 2-1,https://www.incredible.co.za/lenovo-yoga-c340-core-i5-8265u-8gb-256ssd-notebook,"R12,999"
HP 14 i7 Notebook,https://www.incredible.co.za/hp-14-i7-notebook,"R11,999"
HP Pavilion 14 X360 i3 2 in 1 Notebook Silver,https://www.incredible.co.za/hp-pavilion-14-x360-i3-2-in-1-notebook-silver,"R11,999"
Dell Inspiron 3580 i7 8565U 8 1TB FHD Notebook,https://www.incredible.co.za/dell-inspiron-3580-i7-8565u-8-1tb-fhd-notebook,"R11,999"
Canon EOS M50 Black Camera Vlog Bundle,https://www.incredible.co.za/canon-eos-m50-black-camera-vlog-bundle,"R11,999"
Apple iPad Air 10.5-inch Wifi + Cell 64GB SG,https://www.incredible.co.za/apple-ipad-air-10-5-inch-cell-64gb-sg,"R11,499"
Huawei P30 Twilight,https://www.incredible.co.za/huawei-p30-twilight,"R10,999"
Huawei P30 Black,https://www.incredible.co.za/huawei-p30-black,"R10,999"
Lenovo Yoga C340 Core i3 8145U 4GB 256SSD Notebook,https://www.incredible.co.za/lenovo-yoga-c340-core-i3-8145u-4gb-256ssd-notebook,"R9,999"
Samsung 55-inch(139cm) Smart UHD LED TV- 55RU7100,https://www.incredible.co.za/samsung-55-inch-139cm-smart-uhd-led-tv-55ru7100,"R9,999"
HP Pavilion 14 i3 Notebook Mauve,https://www.incredible.co.za/hp-pavilion-14-i3-notebook-mauve,"R9,999"
EOS 250D Essential Travel Kit,https://www.incredible.co.za/eos-250d-essential-travel-kit,"R9,999"
Acer A315 Core i5- 8265U 4GB 512SSD Notebook,https://www.incredible.co.za/acer-a315-core-i5-8265u-4gb-512ssd-notebook,"R9,999"
Canon PowerShot G7XIII Camera Black,https://www.incredible.co.za/canon-powershot-g7xiii-camera-black,"R9,999"
Canon EOS 77D Body,https://www.incredible.co.za/canon-eos-77d-body,"R9,999"
Samsung Galaxy Tab S5e LTE Including Keyboard,https://www.incredible.co.za/samsung-galaxy-tab-s5e-lte-including-keyboard,"R9,999"
Lenovo S145 Core i7-8565U 8GB 256SSD Notebook,https://www.incredible.co.za/lenovo-s145-core-i7-8565u-8gb-256ssd-notebook,"R9,999"
Canon EOS 250D DSLR Portrait Kit,https://www.incredible.co.za/canon-eos-250d-dslr-portrait-kit,"R9,999"
Xbox One X 1TB Console,https://www.incredible.co.za/xbox-one-x-1tb-console,"R8,999"
HP 15 i5 Notebook,https://www.incredible.co.za/hp-15-i5-notebook-1,"R8,999"
JBL Party Box 300 Bluetooth Speaker with Light Effects,https://www.incredible.co.za/jbl-bluetooth-party-speaker-with-light-effects,"R8,999"
Lenovo S145 Core i5- 8265U 8GB 256SSD Notebook Test,https://www.incredible.co.za/lenovo-s145-core-i5-8265u-8gb-256ssd-notebook,"R8,999"
Apple iPad Air 10.5-inch Wifi 64GB Silver,https://www.incredible.co.za/apple-ipad-air-10-5-inch-wifi-64gb-silver,"R8,999"
Apple iPad Air 10.5-inch Wifi 64GB Space Grey,https://www.incredible.co.za/apple-ipad-air-10-5-inch-wifi-64gb-sg,"R8,999"
JBL 3.1 Channel Soundbar (Bar 3.1),https://www.incredible.co.za/jbl-3-1-ch-soundbar-bar-3-1,"R8,499"
Skyworth 55 Uhd Infinity Screen Android,https://www.incredible.co.za/skyworth-55-uhd-infinity-screen-android,"R8,499"
HP Pavilion 14 i3 Notebook Silver,https://www.incredible.co.za/hp-pavilion-14-i3-notebook-silver,"R7,999"
Hisense 55-inch(140cm) Smart UHD LED TV - 55B7100,https://www.incredible.co.za/hisense-55-inch-140cm-smart-uhd-led-tv-55b7100,"R7,999"
Acer A315 Core i3- 8145U 4GB 512SSD Notebook,https://www.incredible.co.za/acer-a315-core-i3-8145u-4gb-512ssd-notebook,"R7,999"
Apple iPhone 7 32GB Cellphone Black,https://www.incredible.co.za/iphone-7-32gb-black-mn8x2aa-vsp,"R7,999"
Canon EOS 2000D Double Kit Camera,https://www.incredible.co.za/canon-eos-2000d-double-kit-camera,"R7,899"
Apple iPad Mini 5th Gen Wifi 64GB Space Grey,https://www.incredible.co.za/apple-ipad-mini-5-wifi-64gb-sg,"R7,499"
Apple iPad Mini 5th Gen Wifi 64GB Silver,https://www.incredible.co.za/apple-ipad-mini-5-wifi-64gb-silver,"R7,499"
Apple iPad Mini 5th Gen Wifi 64GB Gold,https://www.incredible.co.za/apple-ipad-mini-5-wifi-64gb-gold,"R7,499"
Samsung Galaxy A70 Blue,https://www.incredible.co.za/samsung-galaxy-a70-blue,"R7,499"
Samsung Galaxy A70 Black,https://www.incredible.co.za/samsung-galaxy-a70-black,"R7,499"
Canon EOS 4000D Twin Lens Bundle,https://www.incredible.co.za/canon-eos-4000d-twin-lens-bundle,"R7,299"
GoPro Hero8 Black Camera,https://www.incredible.co.za/gopro-hero8-black-camera,"R7,199"
PlayStation4 Pro 1TB And Fallout 76,https://www.incredible.co.za/playstation4-pro-1tb-and-fallout-76,"R6,999"
HP 15 i3 Notebook,https://www.incredible.co.za/hp-15inch-i3-notebook,"R6,999"
Nintendo Switch Cons Red+Blu Joy Con,https://www.incredible.co.za/nintendo-switch-cons-red-blu-joy-con,"R6,999"
Lenovo S145 Core i3-8145U 4GB 256SSD Notebook,https://www.incredible.co.za/lenovo-s145-core-i3-8145u-4gb-256ssd-notebook,"R6,999"
DJI Mavic Mini,https://www.incredible.co.za/dji-mavic-mini,"R6,999"
Canon Powershot G7XII,https://www.incredible.co.za/canon-powershot-g7xii,"R6,999"
Samsung Galaxy A80 Black,https://www.incredible.co.za/samsung-galaxy-a80-black,"R6,999"
Samsung Galaxy A80 Gold,https://www.incredible.co.za/samsung-galaxy-a80-gold,"R6,999"
Logitech G920 Driving Force Racing Wheel,https://www.incredible.co.za/logitech-g920-racing-wheel-xbox,"R6,799"
Logitech G29 Driving Force Racing Wheel,https://www.incredible.co.za/logitech-g29-racing-wheel-playstation-4,"R6,799"
Samsung Galaxy A50 Blue,https://www.incredible.co.za/samsung-galaxy-a50-blue,"R6,499"
Samsung Galaxy A50 White,https://www.incredible.co.za/samsung-galaxy-a50-white,"R6,499"
Samsung Galaxy A50 Black,https://www.incredible.co.za/samsung-galaxy-a50-black,"R6,499"
PS4 1TB + Black DS4 Controller + FIFA 20,https://www.incredible.co.za/ps4-1tb-ds4-black-fifa-20,"R6,499"
PS4 1TB Slim Console + DualShock 4 Controller Black,https://www.incredible.co.za/ps4-1tb-slim-ds4-black,"R6,299"
PS4 1TB Days Of Play Limited Edition 2019,https://www.incredible.co.za/ps4-1tb-days-of-play-limited-edition-2019,"R6,099"
ASUS X543 Core i3 Notebook,https://www.incredible.co.za/asus-x543-core-i3-notebook,"R5,999"
Acer Spin 1 Celeron N4000 2-in-1 Notebook,https://www.incredible.co.za/acer-edu-spin-1-celeron-n4000-2-in-1-notebook,"R5,999"
Samsung 3.1 Ch Soundbar HW-R650,https://www.incredible.co.za/samsung-3-1-ch-soundbar-hw-r650,"R5,999"
Canon EOS 2000D Starter Kit,https://www.incredible.co.za/canon-eos-2000d-starter-kit,"R5,999"
Apple iPhone 6s 32GB Space Grey,https://www.incredible.co.za/apple-iphone-6s-32gb-space-grey,"R5,999"
Samsung Galaxy Tab A 10.1 LTE 2019,https://www.incredible.co.za/samsung-galaxy-tab-a10-lte,"R5,999"
Apple iPad 10.2 inch WiFi 32GB Space grey,https://www.incredible.co.za/apple-ipad-10-2-inch-wifi-32gb-space-grey,"R5,999"
Apple iPad 10.2 inch WiFi 32GB Silver,https://www.incredible.co.za/apple-ipad-10-2-inch-wifi-32gb-silver,"R5,999"
Acer A315 Celeron N4000 4GB 256SSD Notebook,https://www.incredible.co.za/acer-a315-celeron-n4000-4gb-256ssd-notebook,"R5,499"
Huawei P30 Lite Midnight Black,https://www.incredible.co.za/huawei-p30-lite-midnight-black,"R5,499"
Huawei P30 Lite Peacock Blue,https://www.incredible.co.za/huawei-p30-lite-peacock-blue,"R5,499"
Canon EOS M100 with 15-45mm Black,https://www.incredible.co.za/canon-eos-m100-with-15-45mm-black,"R5,299"
Ps4 500gb+Gta+Days G+Gow+Fortnite+90 Day,https://www.incredible.co.za/ps4-500gb-om-5-ratchet-and-clank-hits,"R5,299"
HP 15 Celeron Notebook,https://www.incredible.co.za/hp-15-n3060-4-500-black-2017,"R4,999"
Apple Watch Series 3 GPS 38mm Space Grey Aluminium Case - Black Sport Band,https://www.incredible.co.za/apple-watch-series-3-gps-38mm-space-grey-aluminium-case-black-sport-band,"R4,999"
HP 15 AMD A4-9120 4GB 500GB Notebook + HP 2630 Printer,https://www.incredible.co.za/hp-15-amd-a4-9120-4gb-500gb-notebook-hp-2630-printer,"R4,999"
Xiaomi Redmi Note 8 Pro 128GB Pearl White with Cover and Screen Protector,https://www.incredible.co.za/xiaomi-redmi-note-8-pro-128gb-pearl-white-with-cover-and-screen-protector,"R4,899"
Samsung Galaxy A30s Dual Sim Black,https://www.incredible.co.za/samsung-galaxy-a30s-dual-sim-black,"R4,699"
Sansui 50-inch(127cm) FHD LED TV BF- SLED50FHD,https://www.incredible.co.za/sansui-50-inch-127cm-fhd-led-tv-bf-sled50fhd,"R4,599"
Xbox One S 1TB Console + Controller,https://www.incredible.co.za/xbox-one-s-1tb-console-controller,"R4,499"
Huawei P Smart 2019 Dual Sim Black,https://www.incredible.co.za/huawei-p-smart-2019-dual-sim-black,"R4,299"
Asus X540BA AMD 4GB 500GB Notebook,https://www.incredible.co.za/asus-x540ba-amd-4gb-500gb-notebook,"R3,999"
JBL Speakers Xtreme Black,https://www.incredible.co.za/jbl-speakers-xtreme-black,"R3,999"
Canon Legria Video Camera Black HF-R806,https://www.incredible.co.za/canon-legria-hf-r806-black-video,"R3,999"
Apple TV 4K 64GB,https://www.incredible.co.za/apple-tv-4k-64gb,"R3,999"
Samsung 40-inch (102cm) Full HD LED TV UA40M5000,https://www.incredible.co.za/samsung-40in-102cm-fhd-led-tv-ua40m5000,"R3,999"
Sansui i3 Notebook,https://www.incredible.co.za/sansui-i3-notebook,"R3,999"
Nintendo Switch Lite Grey,https://www.incredible.co.za/nintendo-switch-lite-grey,"R3,999"
Fitbit Versa 2 Black Carbon,https://www.incredible.co.za/fitbit-versa-2-black-carbon,"R3,999"
Fitbit Versa 2 Petal Copper Rose,https://www.incredible.co.za/fitbit-versa-2-petal-copper-rose,"R3,999"
Fitbit Versa 2 Stone Mist Grey,https://www.incredible.co.za/fitbit-versa-2-stone-mist-grey,"R3,999"
ASUS VivoBook X540 Celeron Notebook,https://www.incredible.co.za/asus-vivobook-x540-celeron-n4000-notebook-with-free-backpack,"R3,799"
Sansui 40-inch(102cm) FHD LED TV- SLED 40FHD BF,https://www.incredible.co.za/sansui-40-inch-102cm-fhd-led-tv-sled-40fhd-bf,"R3,599"
Huawei MediaPad T5 10.1-inch Black,https://www.incredible.co.za/huawei-mediapad-t5-10-1-inch-black,"R3,499"
Energizer Energy E520 LTE Includes Screenguard,https://www.incredible.co.za/energizer-energy-e520-lte-includes-screenguard,"R3,499"
Energizer Energy P600S Includes Screenguard,https://www.incredible.co.za/energizer-energy-p600s-includes-screenguard,"R3,499"
Xiaomi Redmi Note 8 64GB Space Black with Cover and Screen Protector,https://www.incredible.co.za/xiaomi-redmi-note-8-64gb-space-black-with-cover-and-screen-protector,"R3,399"
Xiaomi Redmi Note 8 64GB Neptune Blue with Cover and Screen Protector,https://www.incredible.co.za/xiaomi-redmi-note-8-64gb-neptune-blue-with-cover-and-screen-protector,"R3,399"
Huawei Y7 2019 Blue,https://www.incredible.co.za/huawei-y7-2019-blue-vsp,"R3,199"
Huawei Y7 2019 Black,https://www.incredible.co.za/huawei-y7-2019-black-vs,"R3,199"
Samsung Galaxy A20 Cell Phone Black,https://www.incredible.co.za/samsung-galaxy-a20-cell-phone-black,"R2,999"
Canon Powershot SX430 Black,https://www.incredible.co.za/canon-powershot-sx430-black,"R2,999"
Apple TV (4th Generation) 32GB,https://www.incredible.co.za/apple-tv-4th-generation-32gb,"R2,999"
Fitbit Charge 3 Graphite Black,https://www.incredible.co.za/fitbit-charge-3-graphite-black,"R2,999"
Fitbit Charge 3 Rose Gold Blue Grey,https://www.incredible.co.za/fitbit-charge-3-rose-gold-blue-grey,"R2,999"
Nokia 4.2 Smartphone Black,https://www.incredible.co.za/nokia-4-2-smartphone-black,"R2,899"
AirPods with Charging Case,https://www.incredible.co.za/apple-airpods-with-charging-case,"R2,799"
Canon Pixma G2411 Continuous Ink Printer,https://www.incredible.co.za/pixma-g2410-continous-ink-printer,"R2,699"
Kingston 480GB A400 Sata3 2.5 SSD,https://www.incredible.co.za/kingston-480gb-a400-sata3-2-5-ssd,"R2,599"
Vodacom Smart Tab N8+ Bluetooth Keyboard,https://www.incredible.co.za/vodacom-smart-tab-n8-bluetooth-keyboard,"R2,599"
Dell 27-inch SE2717H Monitor,https://www.incredible.co.za/dell-se2717h-27-inch-monitor,"R2,499"
Fitbit Charge 3 SE Lavender Woven,https://www.incredible.co.za/fitbit-charge-3-se-lavender-woven,"R2,499"
Samsung Galaxy A10 Blue,https://www.incredible.co.za/samsung-galaxy-a10-blue,"R2,499"
Samsung Galaxy A10 Black,https://www.incredible.co.za/samsung-galaxy-a10-black,"R2,499"
Samsung Tab E 9.6-inch 3G 8GB T561,https://www.incredible.co.za/samsung-tab-e-9-6in-3g-8gb-t561,"R2,499"
Apple Pencil 2nd Generation,https://www.incredible.co.za/apple-pencil-2nd-generation,"R2,499"
Huawei Y6 2019 Amber Brown,https://www.incredible.co.za/huawei-y6-2019-amber-brown-vsp,"R2,499"
Huawei Y6 2019 Black,https://www.incredible.co.za/huawei-y6-2019-black-vsp,"R2,499"
Samsung 32-inch (80cm) HD LED TV - N5000,https://www.incredible.co.za/samsung-32-inch-80cm-hd-led-tv-n5000,"R2,399"
Razer - Blackwidow Elite Mechanical Keyboard,https://www.incredible.co.za/razer-blackwidow-elite-mechanical-keyboard,"R2,399"
Nokia 3.2 Smartphone Black,https://www.incredible.co.za/nokia-3-2-smartphone-black,"R2,299"
Sansui 32-inch(81cm) HD LED TV BF- SLED 32HDR BF,https://www.incredible.co.za/sansui-32-inch-81cm-hd-led-tv-bf-sled-32hdr-bf,"R2,199"
JBL Flip 4 Bluetooth Speaker Black,https://www.incredible.co.za/jbl-flip-4-black,"R1,999"
Dofit Delta II Gps Smart Watch Pink,https://www.incredible.co.za/dofit-delta-ii-gps-smart-watch-pink,"R1,999"
Dofit Delta II Gps Smart Watch Black,https://www.incredible.co.za/dofit-delta-ii-gps-smart-watch-black,"R1,999"
DJI Tello Quadcopter Drone,https://www.incredible.co.za/dji-tello,"R1,999"
Razer - Nari,https://www.incredible.co.za/razer-nari,"R1,999"
Xiaomi Redmi 8A 32GB Midnight Black with Cover and Screen Protector,https://www.incredible.co.za/xiaomi-redmi-8a-32gb-midnight-black-with-cover-and-screen-protector,"R1,999"
Maxify MB2140 Printer,https://www.incredible.co.za/canon-printer-maxify-mb2140-multifunction,"R1,799"
Energizer Energy P490S Includes Cover and Screenguard,https://www.incredible.co.za/energizer-energy-p490s-includes-cover-and-screenguard,"R1,799"
Connex 10.1 inch 3G Tablet Incl Keyboard,https://www.incredible.co.za/connex-10-1-inch-3g-tablet-incl-keyboard,"R1,799"
Garmin Drive 40LM,https://www.incredible.co.za/garmin-drive-40lm,"R1,699"
Fellowes Cosmic 2 A4 Laminator,https://www.incredible.co.za/cosmic-2-a4-laminator,"R1,699"
Nokia 2.2 Smartphone Steel,https://www.incredible.co.za/nokia-2-2-smartphone-steel,"R1,699"
Xiaomi Mi TV Box S,https://www.incredible.co.za/xiaomi-mi-tv-box-s,"R1,599"
D-Link LTE 4G Mobile Wireless Router With Sim Card Slot Batt,https://www.incredible.co.za/d-link-lte-4g-mobile-wireless-router-with-sim-card-slot-battery-powere,"R1,499"
Huawei MediaPad T3 7 3G Grey,https://www.incredible.co.za/huawei-mediapad-t3-7-3g-grey,"R1,499"
Nokia 1 Plus Smartphone Blue,https://www.incredible.co.za/nokia-1-plus-smartphone-blue,"R1,499"
Huawei Y5 lite Leather Black,https://www.incredible.co.za/huawei-y5-lite-leather-black,"R1,499"
WD Elements Portable 2TB Black,https://www.incredible.co.za/wd-elements-portable-2tb-black,"R1,399"
Kingston 240GB A400 Sata3 2.5 SSD,https://www.incredible.co.za/kingston-240gb-a400-sata3-2-5-ssd,"R1,299"
Neon IQ 10.1-inch 3G Tablet NQT1013GQ,https://www.incredible.co.za/neon-iq-10-1in-3g-tablet-nqt1013gq,"R1,299"
Razer Naga Trinity,https://www.incredible.co.za/razer-naga-trinity,"R1,299"
Samsung Galaxy A2 Core Cell Phone Dark Grey/Black VSP,https://www.incredible.co.za/samsung-galaxy-a2-core-black,"R1,299"
Samsung Galaxy A2 Core Cell Phone Blue,https://www.incredible.co.za/samsung-galaxy-a2-core-cell-phone-blue,"R1,299"
Xiaomi Mi True Wireless Air Earphones,https://www.incredible.co.za/xiaomi-mi-true-wireless-air-earphones,"R1,299"
HP DeskJet 3788 AIO Plus HP Advanced Glossy 10x15 (25pack) Photo Paper,https://www.incredible.co.za/hp-deskjet-3788-aio-plus-hp-advanced-glossy-10x15-25pack-photo-paper,"R1,249"
Xbox One Wireless Controller 3.5mm Audio,https://www.incredible.co.za/xbox1-wireless-controller-3-5mm-audio,"R1,199"
Xbox One Wireless Controller - White,https://www.incredible.co.za/xbox-one-wireless-controller-white,"R1,199"
3Doodler Create Star Trek Pen,https://www.incredible.co.za/3doodler-create-star-trek-pen,"R1,199"
HP Deskjet Ink Advantage 3787 Blue,https://www.incredible.co.za/hp-deskjet-ink-advantage-3787-aio-blue,"R1,199"
LG 18.5-inch LED Monitor,https://www.incredible.co.za/lg-18-5in-led-monitor,"R1,199"
Razer Kraken Tournament Ed. Headset,https://www.incredible.co.za/razer-kraken-tournament-ed-headset,"R1,199"
Razer Kraken Tournament Ed. Headset,https://www.incredible.co.za/razer-kraken-tournament-ed-headset-1,"R1,199"
Razer Mamba Wireless Mouse,https://www.incredible.co.za/razer-mamba-wireless-mouse,"R1,199"
Solo Magnitude Backpack 17.3Inch Black,https://www.incredible.co.za/solo-magnitude-backpack-17-3inch-black,"R1,099"
Solo Bowery Backpack 15.6Inch Black,https://www.incredible.co.za/solo-bowery-backpack-15-6inch-black,"R1,099"
Redragon Zeus Gaming Headset,https://www.incredible.co.za/redragon-zeus-gaming-headset,"R1,099"
Fitbit Alta HR Black Small,https://www.incredible.co.za/fitbit-alta-hr-black-small,R999
PDP - LVL50 Wired Stereo Headset For Xbox One,https://www.incredible.co.za/pdp-lvl50-wired-stereo-headset-for-xbox-one,R999
PDP - LVL50 Wired Stereo Headset For PlayStation 4,https://www.incredible.co.za/pdp-lvl50-wired-stereo-headset-for-playstation-4,R999
Port Zurich Top Loading 13-14 inch Red,https://www.incredible.co.za/port-zurich-top-loading-13-14-inch-red,R999
Port Zurich Top Loading 13-14 inch Blue,https://www.incredible.co.za/port-zurich-top-loading-13-14-inch-blue,R999
Port Zurich Top Loading 13-14 inch Black,https://www.incredible.co.za/port-zurich-top-loading-13-14-inch-black,R999
Port Zurich Top Loading 13-1 inch Yellow,https://www.incredible.co.za/port-zurich-top-loading-13-14-inch-yellow,R999
Port Zurich Top Loading 15.6inch Black,https://www.incredible.co.za/port-zurich-top-loading-15-6-inch-black,R999
Port Zurich Top Loading 13-14inch Gold,https://www.incredible.co.za/port-zurich-top-loading-13-14-inch-gold,R999
Google Chromecast 3.0,https://www.incredible.co.za/stream-content-from-your-device-to-the-tv-with-google-chromecast,R999
Razer - Mamba Elite Wired Mouse,https://www.incredible.co.za/razer-mamba-elite-wired-mouse,R999
Snug 20000mAh Powrbank LCD Black,https://www.incredible.co.za/snug-20000mah-powrbank-lcd-black,R999
Sansui Grand 5.7-inch 3G Smartphone,https://www.incredible.co.za/sansui-grand-5-7-inch-3g-smartphone,R999
Razer Kraken Black Headset,https://www.incredible.co.za/razer-kraken-black-headset,R999
Lenovo E7 3G 1GB 8GB Tablet,https://www.incredible.co.za/lenovo-e7-3g-1gb-8gb-tablet,R999
FIFA 20 PS4,https://www.incredible.co.za/fifa-20-ps4,R900
FIFA 20 XBOX ONE,https://www.incredible.co.za/fifa-20-xbox-one,R900
Need For Speed Heat Ps4,https://www.incredible.co.za/need-for-speed-heat-ps4-need-for-speed-heat-ps4,R900
Work And Play Multi Sports Backpack,https://www.incredible.co.za/work-and-play-multi-sports-backpack,R899
Work And Play Rackets Sports Backpack,https://www.incredible.co.za/work-and-play-rackets-sports-backpack,R899
Volkano Sync True Wireless Black,https://www.incredible.co.za/volkano-sync-true-wireless-black,R899
PS4 DualShock 4 Controller - Black V2,https://www.incredible.co.za/ps4-dualshock-4-black-v2,R899
PS4 Controller Dualshock 4 - White V2,https://www.incredible.co.za/ps4-controler-dualshock-4-white-v2,R899
PS4 DualShock 4 Controller - Magma Red V2,https://www.incredible.co.za/ps4-controler-dualshock-4-magma-red-v2,R899
Sansui Nitro 5.34-inch 3G Smartphone,https://www.incredible.co.za/sansui-nitro-5-34-inch-3g-smartphone,R899
PS4 Dualshock 4 - Electric Purple,https://www.incredible.co.za/ps4-dualshock-4-electric-purple,R899
Ps4 Dualshock 4 - Titanium Blue,https://www.incredible.co.za/ps4-dualshock-4-titanium-blue,R899
PS4 Dualshock 4 - Rose Gold,https://www.incredible.co.za/ps4-dualshock-4-rose-gold,R899
PS4 DS4 Black + Fortnite (500 V-Bucks),https://www.incredible.co.za/ps4-ds4-black-fortnite-500-v-bucks,R899
Samsung K406S Generic Cartridge Black,https://www.incredible.co.za/samsung-406s-gen-cart-black,R879
Samsung 406S Generic Cartridge Cyan,https://www.incredible.co.za/samsung-cartidge-406s-gen-cyan,R879
Samsung 406S Generic Cartridge Magenta,https://www.incredible.co.za/samsung-cartidge-406s-gen-magenta,R879
Netgear AC1200 WiFi USB Adapter,https://www.incredible.co.za/a6210-wifi-usb-3-0-adapter-1200mbps-a610,R849
Logitech G402 Hyperion Fury Mouse,https://www.incredible.co.za/logitech-g402-hyperion-fury-mouse,R829
Romoss Sense8+ 30000mAh QC Type-C,https://www.incredible.co.za/romoss-sense8-30000mah-qc-type-c,R829
PS4 Death Stranding,https://www.incredible.co.za/ps4-death-stranding,R799
Skullcandy Uproar Wireless On-Ear Headphones - White-Grey-Red,https://www.incredible.co.za/skullcandy-uproar-bt-w-tap-tech-wht-gry,R799
HP Ink Cartridge CE285A,https://www.incredible.co.za/hp-cartridge-ce285a-gen,R799
Mecer 650VA Offline UPS,https://www.incredible.co.za/mecer-650va-off-line-ups,R799
Dofit Sport 1.0,https://www.incredible.co.za/dofit-sport-1-0,R799
Port Firenze Top Loading 15.6inch Carmin,https://www.incredible.co.za/port-firenze-top-loading-15-6inch-carmin,R799
Port Firenze Top Load 15.6 inch Black,https://www.incredible.co.za/port-firenze-top-load-15-6-inch-black,R799
Snug 15000mAh Powerbank LCD Quick Charger Black,https://www.incredible.co.za/snug-15000mah-powrbnk-lcd-quick-chrg-blk,R799
Razer Electra V2 Headset,https://www.incredible.co.za/razer-electra-v2-headset,R799
Yoco Go Card Machine,https://www.incredible.co.za/yoco-go-card-machine,R799
Mobicel Tango Lite Cell Phone VSP,https://www.incredible.co.za/mobicel-tango-lite-cell-phone-vsp,R700
The Outer Worlds Xbox One,https://www.incredible.co.za/the-outer-worlds-xbox-one,R700
The Outer Worlds PS4,https://www.incredible.co.za/the-outer-worlds-ps4,R700
Turtle Beach Recon 70P PS4 Headset,https://www.incredible.co.za/turtle-beach-recon-70p-ps4-headset,R699
Turtle Beach Recon 70X XB1 Headset,https://www.incredible.co.za/turtle-beach-recon-70x-xb1-headset,R699
D-Link AC1200 Dual Band Router 822,https://www.incredible.co.za/d-link-ac1200-dual-band-router-822,R699
JBL Endurance Sprint - Black,https://www.incredible.co.za/jbl-endurance-sprint-black,R699
Redragon 3in1 Gaming Combo 3 Black,https://www.incredible.co.za/redragon-3in1-gaming-combo-3-black,R699
Huawei Band 4e Sakura Coral,https://www.incredible.co.za/huawei-band-4e-sakura-coral,R699
Huawei Band 4e Sakura Coral,https://www.incredible.co.za/huawei-band-4e-sakura-coral-1,R699
Sansui Nova 5 Inch 3G Smartphone,https://www.incredible.co.za/sansui-nova-5-inch-3g-smartphone,R699
Romoss Sense6+ 20000mAh QC Type-C,https://www.incredible.co.za/romoss-sense6-20000mah-qc-type-c,R699
Xiaomi Mi True Wireless Earbuds,https://www.incredible.co.za/xiaomi-mi-true-wireless-earbuds,R699
FIFA 19 PS4,https://www.incredible.co.za/fifa-19-ps4,R600
FIFA 19 Xbox One,https://www.incredible.co.za/fifa-19-xbox-one,R600
WWE 2K20 PS4,https://www.incredible.co.za/wwe-2k20-ps4,R600
WWE 2K20 Xbox One,https://www.incredible.co.za/wwe-2k20-xbox-one,R600
Hama 3-in-1 Mini DisplayPort Adapter For DVI,https://www.incredible.co.za/hama-mini-displayport-dvi-displayport-hdmi,R599
Altec Lansing Shadow Star Bluetooth Headphone,https://www.incredible.co.za/altec-shadow-star-bt-headphone,R599
Dofit Activity Tracker Hr132,https://www.incredible.co.za/dofit-activity-tracker-hr132,R599
Razer Abyssus Essential Gaming Mouse,https://www.incredible.co.za/razer-abyssus-essential-gaming-mouse,R599
HP Generic Cartridge Q2612A,https://www.incredible.co.za/hp-cartridge-q2612a-gen,R549
Brother Generic TN-2060,https://www.incredible.co.za/brother-generic-tn-2060,R549
Red Dead Redemption 2 Standard - Xbox One,https://www.incredible.co.za/red-dead-redemption-2-standard-xbox-one,R500
HP 940XL Yellow Generic Ink Cartridge,https://www.incredible.co.za/hp-940xl-yellow-c4909ae-cart-gen-cart,R499
Canon Ink Cartridge 728,https://www.incredible.co.za/canon-cartridge-728-gen,R499
HP 940XL Generic Cartridge Magenta,https://www.incredible.co.za/hp-cartridge-940xl-c4908ae-gen,R499
iFrogz Charisma Wireless Earbuds - Red,https://www.incredible.co.za/ifrogz-impulse-wireless-earbuds-black,R499
Xbox 360 PDP Controller Neon Blue,https://www.incredible.co.za/x360-pdp-controllers-neon-blue,R499
Xbox 360 PDP Controller Raspberry/Red,https://www.incredible.co.za/x360-pdp-controllers-raspberry-red,R499
Xbox 360 PDP - Controllers Lime Green,https://www.incredible.co.za/x360-pdp-controllers-lime-green,R499
Logitech Wireless Mouse M220 Silent Blue,https://www.incredible.co.za/logitech-wireless-mouse-m220-silent-blue,R499
Rapoo Touch Serial Keyboard E2710,https://www.incredible.co.za/rapoo-touch-serial-keyboard-e2710,R499
Redragon Harpe RGB Membranegaming KB,https://www.incredible.co.za/redragon-harpe-rgb-membranegaming-kb,R499
Xbox One Bundle (Rugby 15 - Sniper Elite 3 and Dirt 4),https://www.incredible.co.za/xbox-one-bundle-rugby-15-sniper-elite-3-and-dirt-4,R499
Marvels Spider-Man PS4,https://www.incredible.co.za/marvels-spider-man-ps4,R499
Mortal Kombat 11 (XB1),https://www.incredible.co.za/mortal-kombat-11-xb1,R499
MORTAL KOMBAT 11 (PS4),https://www.incredible.co.za/mortal-kombat-11-ps4,R499
Mobicel Ultra 3G 4-inch Gold,https://www.incredible.co.za/mobicel-ultra-3g-4-inch-gold,R400
Xbox One Need For Speed Payback Game,https://www.incredible.co.za/xbox-one-need-for-speed-payback-game,R400
Hama 1.8m DisplayPort Cable Gold-Plated,https://www.incredible.co.za/hama-connecting-cable-display-port-plug-display-port-plug-1-8-m,R399
HP 940XL Generic Cartridge Black,https://www.incredible.co.za/hp-cartridge-940xl-c4906ae-gen-blk,R399
HP 940XL Generic Cartridge Cyan,https://www.incredible.co.za/hp-cartridge-940xl-c4907ae-gen-cyan,R399
iFrogz Impulse Wireless Earbuds - White,https://www.incredible.co.za/ifrogz-impulse-wireless-earbuds-white,R399
Orico 3 Port USB 3.0 - 1XRJ45 Hub,https://www.incredible.co.za/orico-3xusb3-0-1xrj45-hub,R399
HP Generic 36A I CB46A,https://www.incredible.co.za/hp-generic-36a-i-cb46a,R399
Volkano Mini Mamba Series Bluetooth Speaker - Blue,https://www.incredible.co.za/volkano-mini-mamba-series-bluetooth-speaker-blue,R399
Volkano Mini Mamba Bluetooth Speaker - Blue,https://www.incredible.co.za/volkano-mamba-bluetooth-speaker-blue,R399
JBL Tune 250BT Wireless Earbud Headphones Champagne Gold,https://www.incredible.co.za/jbl-wireless-earbud-headphone-champagne-gold,R399
Alienware 17-inch Vindicator 2.0 Sleeve,https://www.incredible.co.za/alienware-17in-vindicator-neoprene-sleeve,R399
Alienware 15-inch Vindicator 2.0 Sleeve,https://www.incredible.co.za/alienware-15in-vindicator-2-0-sleeve,R399
Snug 10000mAh Powerbank Led Black,https://www.incredible.co.za/snug-10000mah-powerbank-led-black,R399
Black 10.2 Globe Trotter Shoulder Bag,https://www.incredible.co.za/black-10-2-globe-trotter-shoulder-bag,R349
Sparkfox PS4 Dual Charging Station Black,https://www.incredible.co.za/sparkfox-ps4-dual-charging-station-black,R349
Volkano Mini Bazooka Bluetooth Speaker,https://www.incredible.co.za/volkano-mini-bazooka-bluetooth-speaker,R349
3 Doodler Nozzle Head,https://www.incredible.co.za/3-doodler-nozzle-head,R339
Rapoo Wireless Mouse 3360 Blue,https://www.incredible.co.za/rapoo-wireless-mouse-3360-blue,R329
Hama 10m 1-inch Network Grey Cable Cat5,https://www.incredible.co.za/hama-cat5e-patch-cable-10-m-grey,R319
Fellow Silicone Wrist Rocker Vine,https://www.incredible.co.za/fellowes-silicone-wrist-rocker-vine-pattern,R299
GPB Canon Unversal Charger,https://www.incredible.co.za/batt-gpb-canon-unversal-charger,R299
HP 950XL Black Generic Ink Cartridge,https://www.incredible.co.za/hp-cartridg-950xl-gen-cn045ae-black,R299
25 Piece Polar White Plastics Abs,https://www.incredible.co.za/25-pce-polar-white-plastics-abs,R299
Altec Lansing Drop Max Bluetooth Speaker Black,https://www.incredible.co.za/altec-lansing-drop-max-bt-spkr-blk,R299
Hama USB 2.0 Type C Cable Gold-Plated Double Shielded,https://www.incredible.co.za/hama-usb-2-0-type-c-cable-gold-plated-double-shielded-0-75m,R299
Rapoo Wireless Mouse 3100P,https://www.incredible.co.za/rapoo-wireless-mouse-3100p,R299
Adata Wireless Charger 10W Black,https://www.incredible.co.za/adata-wireless-charger-10w-black,R299
Brother LC675M Magenta Ink MFCJ2320-2720,https://www.incredible.co.za/brother-lc675m-magenta-ink-mfcj2320-2720,R279
Hama Networking Cable Cat6 5m,https://www.incredible.co.za/8p8c-rj45-male-plug-8p8c-rj-45-male-plug,R269
Hama DVI Adapter DVI-D Plug-HDMI Socket,https://www.incredible.co.za/hama-dvi-adapter-dvi-d-plug-hdmi-socket,R269
HP 951XL Magenta Generic Ink Cartridge,https://www.incredible.co.za/hp-cartridge-951xl-cn046ae-magenta,R259
GoPro Tripod Mount With Quick Release,https://www.incredible.co.za/gopro-abqrt-001,R249
Brother BT5000C Ink Bottle Cyan,https://www.incredible.co.za/brother-ink-bottle-cyan,R249
Hama Network Cable Cat 6 PIMF 3m,https://www.incredible.co.za/hama-network-cable-cat-6-pimf-3m,R249
Romoss Solo5 10000mAh Power Bank,https://www.incredible.co.za/romoss-solo5-10000mah-power-bank,R249
Kanex USB-C To USB Adapter,https://www.incredible.co.za/kanex-usb-c-to-usb-adapter,R229
Hama USB 2.0 Extension Cable Gold-Plated Double-Shielded,https://www.incredible.co.za/hama-usb-2-0-extension-cable-gold-plated-double-shielded-black-1-8m,R229
Ext Cord 10m 1.00mm 10A,https://www.incredible.co.za/ext-cord-10m-1-00mm-10,R229
Hama Cat 6 Network Cable PIMF Gold-Plated,https://www.incredible.co.za/hama-8p8c-rj45-male-plug-8p8c-rj45-male-plug,R209
Hama 1.8m USB 3.0 Black Ext Cable Shielded,https://www.incredible.co.za/hama-1-8m-usb-3-0,R199
Epson Ink 36 Claria Home Yellow,https://www.incredible.co.za/epson-ink-36-claria-home-yellow,R199
Samsung 406S Generic Cartridge Yellow,https://www.incredible.co.za/samsung-cartidge-406s-gen-yellow,R199
Samsung Generic Cartridge MLTD101S,https://www.incredible.co.za/samsung-cartidge-mltd101s-gen,R199
Body Glove Free Bluetooth In Ear Headphone Blue,https://www.incredible.co.za/bg-free-bluetooth-in-ear-headphone-blue,R199
Body Glove Free Bluetooth In Ear Headphone Red,https://www.incredible.co.za/bg-free-bluetooth-in-ear-headphone-red,R199
iFrogz Summit Wireless Sport Earbuds - Red,https://www.incredible.co.za/ifrogz-summit-wireless-sport-earbuds-red,R199
Brother BT5000M Magenta Ink Bottle,https://www.incredible.co.za/brother-ink-bottle-magenta,R199
NORTON WIFI PRIVACY 1 DEVICE,https://www.incredible.co.za/norton-wifi-privacy-1-device,R199
HP Generic 53A I Q7553A Toner,https://www.incredible.co.za/hp-generic-53a-i-q7553a,R199
Brother Toner TN3060,https://www.incredible.co.za/brother-toner-tn-3060-u,R199
iFrogz Coda Wireless Earbuds - Silver,https://www.incredible.co.za/ifrogz-coda-wireless-earbuds-silver,R199
iFrogz Coda Wireless Earbuds - Black,https://www.incredible.co.za/ifrogz-coda-wireless-earbuds-black,R199
iFrogz Coda Wireless Earbuds - Gold,https://www.incredible.co.za/ifrogz-coda-wireless-earbuds-gold,R199
Rapoo Wireless Mouse M17,https://www.incredible.co.za/rapoo-wireless-mouse-m17,R199
Rapoo Wireless Mouse M10+ Black,https://www.incredible.co.za/rapoo-wireless-mouse-m10-black,R199
Afterglow LVL1 Chat Headset Xbox One,https://www.incredible.co.za/afterglow-lvl1-chat-headset-xbox-one,R199
Hama Cat 5E Network Cable Gold-Plated Shieled Grey – 3m | 3M 41895,https://www.incredible.co.za/hama-cat5e-patch-cable-3-m-grey,R189
Brother Toner TN3185,https://www.incredible.co.za/brother-toner-tn-3185,R189
Lexar Jumpdrive V30 32GB,https://www.incredible.co.za/lexar-v30-32gb,R169
HP 655 Black Generic Ink Cartridge,https://www.incredible.co.za/hp-cartridge-655-cz109ae-black,R169
Brother BT6000 Black Ink Bottle,https://www.incredible.co.za/brother-black-ink-bottle,R169
Homeguard Vibration Alarm Twin Pack,https://www.incredible.co.za/homeguard-vibration-alarm-twin-pack,R169
Hama USB 2.0 Cable Grey 1.8m,https://www.incredible.co.za/hama-usb-2-0-cable-grey-1-8m,R159
Hama USB 2.0 Cable Grey 3m,https://www.incredible.co.za/hama-usb-2-0-cable-grey-3m,R159
Gioteck - Xbox One Precision Control Pack,https://www.incredible.co.za/gioteck-xb1-precision-control-pack,R149
Hama USB 2.0 Cable A-A Shielded-1.80m - Grey,https://www.incredible.co.za/hama-usb-2-0-cable-a-a-shielded-1-80m-grey,R149
Hama Cat 5E Network Cable Gold-Plated Shieled Grey,https://www.incredible.co.za/hama-cat-5e-nw-cable-stp-gold-plated-shielded,R129
3 Doodler Doodle Pad,https://www.incredible.co.za/3-doodler-doodle-pad,R129
Energizer Micro USB 1A Wall Charger,https://www.incredible.co.za/energizer-micro-usb-1amp-wall-charger,R119
Energizer Car Charger 2A Micro Qualcom,https://www.incredible.co.za/energizer-car-charger-2amp-micro-qualcom,R119
Energizer Micro-USB 1A Car Charger Black,https://www.incredible.co.za/energizer-micro-usb-1amp-car-charger-blk,R119
Ext Cord 3m 1.00mm 10A,https://www.incredible.co.za/ext-cord-3m-1-00mm-10a,R119
Hama 3m USB 2.0 Extender Grey Cable,https://www.incredible.co.za/hama-00030618-usb-cable,R109
Hama Networking Cat5 Extention Grey Adapter,https://www.incredible.co.za/hama-2-x-8p8c-rj-45-coupler,R109
Canon CLI-521 Yellow,https://www.incredible.co.za/canon-cli-521-y,R99
Kodak Black 30XL Ink,https://www.incredible.co.za/kodak-black-ink-cartridge-30xl,R99
KLONERS 3X16M 3WAY MULTI PLUG MULAM3BL,https://www.incredible.co.za/3-x-16a-multiplug-3-way,R99
Energizer 2m Micro-USB Cable Black,https://www.incredible.co.za/energizer-2m-micro-usb-cable-blk,R99
Energizer Micro USB Rectract Cable Black,https://www.incredible.co.za/energizer-micro-usb-rectract-cable-blk,R99
Energizer 1.2m Micro-USB Cable White,https://www.incredible.co.za/energizer-1-2m-micro-usb-cable-wht,R99
HP Ink Cartridge CF283A,https://www.incredible.co.za/hp-cartridge-cf283a-gen,R99
Energizer Micro USB To USB-C Cable Black,https://www.incredible.co.za/energizer-micro-usb-to-usb-c-cable-blk,R99
Energizer Female USB To USB-C Cable Black,https://www.incredible.co.za/energizer-female-usb-to-usb-c-cable-blk,R99
Canon CLI-451 Magenta Generic Ink Cartridge,https://www.incredible.co.za/canon-cartridge-cli-451-m-gen,R89
Canon CLI-451XL Yellow Generic Ink Cartridge,https://www.incredible.co.za/canon-cartridge-cli-451xl-y-gen,R89
Snug USB Extension Cable 3m,https://www.incredible.co.za/snug-usb-extension-cable-3-meters,R85
Canon CLI-451XL Black Generic Ink Cartridge,https://www.incredible.co.za/canon-cartridge-cli-451xl-blk-gen,R79
Sharp S10 -Kids Calculator - Pink,https://www.incredible.co.za/sharp-s10-kids-calculator-pink,R79
Sharp S10 -Kids Calculator - Blue,https://www.incredible.co.za/sharp-s10-kids-calculator-blue,R79
HP Generic 650 Colour Ink,https://www.incredible.co.za/hp-generic-650-colour-ink,R59
3X16A Adaptor,https://www.incredible.co.za/3x16a-adaptor,R59
MSI Gaming Shield Mouse Pad,https://www.incredible.co.za/msi-gaming-shield-mouse-pad,R50
Samsung Yellow Y407S,https://www.incredible.co.za/samsung-yellow-y407s,R49
Epson Tape -LC4WBQ5 Iron On 12-5 Black-White,https://www.incredible.co.za/epson-tape-lc4wbq5-iron-on-12-5-blk-wh,R49
Wiso Safsmart Whistle Blue,https://www.incredible.co.za/wiso-safsmart-whistle-blue,R49
Wiso Safsmart Whistle - Purple,https://www.incredible.co.za/wiso-safsmart-whistle-purple,R49
HP 920XL Cyan Generic Ink Cartridge,https://www.incredible.co.za/hp-cartridge-920xl-gen-cd972ae-cyan,R39
Scoop Nano Sim Adapter Kit,https://www.incredible.co.za/scoop-nano-sim-adapter-kit,R25
Fellowes Comb Binding Value Bundle,https://www.incredible.co.za/fellowes-comb-binding-starter-kit,R20
HP 951XL Cyan Generic Ink Cartridge,https://www.incredible.co.za/hp-cartridge-951xl-gen-cn046ae-cyan,R10
Lexmark Generic 100XL I 14N1070 Ink,https://www.incredible.co.za/lexmark-generic-100xl-i-14n1070,R10
Lexmark Generic 100XL I 14N1071 Ink,https://www.incredible.co.za/lexmark-generic-100xl-i-14n1071,R10
Brother Generic TN-3350,https://www.incredible.co.za/brother-generic-tn-3350,R10
Clicktab 7-inch Folio Cover Blue,https://www.incredible.co.za/clicktab-7in-folio-cover-blue,R7
